width,quality,repeat,frame_idx,payload_bytes,ok,client_e2e_ms,recv_ms,modal_ms,total_ms,network_ms,num_boxes,error
160,0.6,0,5,2937,True,20.0,0,19,19,1.0,0,
160,0.6,0,6,2995,True,20.7,1,19,19,1.7,0,
160,0.6,0,7,3318,True,20.4,1,19,19,1.4,0,
160,0.6,0,8,3361,True,31.6,1,30,30,1.6,0,
160,0.6,0,9,3223,True,23.6,1,22,22,1.6,0,
160,0.6,0,10,3383,True,22.5,1,21,21,1.5,0,
160,0.6,0,11,3506,True,23.0,1,22,22,1.0,0,
160,0.6,0,12,3242,True,22.8,1,21,22,0.8,0,
160,0.6,0,13,3389,True,22.8,1,22,22,0.8,0,
160,0.6,0,14,3363,True,22.4,1,21,21,1.4,0,
160,0.6,0,15,3422,True,22.5,1,21,21,1.5,0,
160,0.6,0,16,3489,True,23.0,1,22,22,1.0,0,
160,0.6,0,17,3285,True,22.4,1,21,21,1.4,0,
160,0.6,0,18,3494,True,22.4,1,21,21,1.4,0,
160,0.6,0,19,3333,True,22.5,1,21,21,1.5,0,
160,0.6,0,20,3459,True,22.4,1,21,21,1.4,0,
160,0.6,0,21,3362,True,22.3,1,21,21,1.3,0,
160,0.6,0,22,3248,True,23.3,1,22,22,1.3,0,
160,0.6,0,23,3446,True,22.4,1,21,21,1.4,0,
160,0.6,0,24,3305,True,22.5,1,21,21,1.5,0,
160,0.6,0,25,3430,True,22.5,1,21,21,1.5,0,
160,0.6,0,26,3413,True,22.6,1,21,21,1.6,0,
160,0.6,0,27,3233,True,23.3,1,22,22,1.3,0,
160,0.6,0,28,3381,True,22.2,1,21,21,1.2,0,
160,0.6,0,29,3215,True,22.2,1,21,21,1.2,0,
160,0.6,0,30,3251,True,22.3,1,21,21,1.3,0,
160,0.6,0,31,3111,True,22.1,1,21,21,1.1,0,
160,0.6,0,32,3389,True,22.3,1,21,21,1.3,0,
160,0.6,0,33,3045,True,24.5,1,23,23,1.5,1,
160,0.6,0,34,3020,True,23.3,1,22,22,1.3,1,
160,0.6,0,35,2937,True,23.4,1,22,22,1.4,1,
160,0.6,0,36,2972,True,27.0,1,26,26,1.0,1,
160,0.6,0,37,2903,True,23.7,1,22,22,1.7,1,
160,0.6,0,38,2933,True,24.3,1,23,23,1.3,1,
160,0.6,0,39,2867,True,23.5,1,22,22,1.5,1,
160,0.6,0,40,2824,True,23.4,1,22,22,1.4,1,
160,0.6,0,41,2948,True,25.8,1,24,24,1.8,1,
160,0.6,0,42,2951,True,23.7,1,22,22,1.7,1,
160,0.6,0,43,2908,True,24.2,1,23,23,1.2,1,
160,0.6,0,44,2906,True,23.5,1,22,22,1.5,1,
160,0.6,0,45,2945,True,22.2,1,21,21,1.2,0,
160,0.6,0,46,2839,True,26.2,1,25,25,1.2,1,
160,0.6,0,47,2965,True,22.2,1,21,21,1.2,0,
160,0.6,0,48,2874,True,24.2,1,23,23,1.2,2,
160,0.6,0,49,2953,True,22.6,1,21,21,1.6,0,
160,0.6,0,50,3019,True,24.8,1,23,23,1.8,0,
160,0.6,0,51,3040,True,22.7,1,21,21,1.7,0,
160,0.6,0,52,3179,True,22.1,1,21,21,1.1,0,
160,0.6,0,53,2905,True,22.9,1,22,22,0.9,0,
160,0.6,0,54,2865,True,22.1,0,21,21,1.1,0,
160,0.6,0,55,3434,True,24.8,1,23,23,1.8,0,
160,0.6,0,56,3312,True,22.7,1,21,21,1.7,0,
160,0.6,0,57,3290,True,22.3,1,21,21,1.3,0,
160,0.6,0,58,3525,True,22.2,1,21,21,1.2,0,
160,0.6,0,59,3388,True,23.2,1,22,22,1.2,0,
160,0.6,0,60,3592,True,25.6,1,24,24,1.6,0,
160,0.6,0,61,3501,True,22.5,1,21,21,1.5,0,
160,0.6,0,62,3228,True,22.2,1,21,21,1.2,0,
160,0.6,0,63,3077,True,22.3,1,21,21,1.3,0,
160,0.6,0,64,3157,True,24.2,1,23,23,1.2,1,
160,0.85,0,5,5003,True,24.7,1,23,23,1.7,0,
160,0.85,0,6,5285,True,22.4,1,21,21,1.4,0,
160,0.85,0,7,5722,True,22.4,1,21,21,1.4,0,
160,0.85,0,8,6000,True,22.5,1,21,21,1.5,0,
160,0.85,0,9,5687,True,23.0,1,22,22,1.0,0,
160,0.85,0,10,6043,True,24.9,1,24,24,0.9,0,
160,0.85,0,11,6238,True,22.6,1,21,21,1.6,0,
160,0.85,0,12,5688,True,22.5,1,21,21,1.5,0,
160,0.85,0,13,6024,True,22.5,1,21,21,1.5,0,
160,0.85,0,14,5923,True,23.1,1,22,22,1.1,0,
160,0.85,0,15,6170,True,24.4,1,23,23,1.4,0,
160,0.85,0,16,6188,True,22.6,1,21,21,1.6,0,
160,0.85,0,17,5781,True,22.4,1,21,21,1.4,0,
160,0.85,0,18,6101,True,22.4,1,21,21,1.4,0,
160,0.85,0,19,5816,True,25.2,1,24,24,1.2,0,
160,0.85,0,20,6112,True,23.2,1,22,22,1.2,0,
160,0.85,0,21,5902,True,23.7,1,22,22,1.7,1,
160,0.85,0,22,5712,True,22.4,1,21,21,1.4,0,
160,0.85,0,23,6032,True,22.3,1,21,21,1.3,0,
160,0.85,0,24,5673,True,25.0,1,24,24,1.0,0,
160,0.85,0,25,5997,True,23.3,1,22,22,1.3,0,
160,0.85,0,26,5927,True,22.4,1,21,21,1.4,0,
160,0.85,0,27,5618,True,22.6,1,21,21,1.6,0,
160,0.85,0,28,5885,True,22.5,1,21,21,1.5,0,
160,0.85,0,29,5455,True,25.2,1,24,24,1.2,0,
160,0.85,0,30,5545,True,23.2,1,22,22,1.2,0,
160,0.85,0,31,5242,True,22.8,1,21,21,1.8,0,
160,0.85,0,32,5530,True,23.0,1,21,22,1.0,0,
160,0.85,0,33,5091,True,25.1,1,24,24,1.1,1,
160,0.85,0,34,5085,True,25.3,1,24,24,1.3,1,
160,0.85,0,35,4948,True,24.2,1,23,23,1.2,1,
160,0.85,0,36,5002,True,23.7,1,22,22,1.7,1,
160,0.85,0,37,4863,True,23.7,1,22,22,1.7,1,
160,0.85,0,38,4849,True,23.5,1,22,22,1.5,1,
160,0.85,0,39,4841,True,25.0,1,24,24,1.0,1,
160,0.85,0,40,4724,True,24.2,1,23,23,1.2,1,
160,0.85,0,41,4960,True,23.5,1,22,22,1.5,1,
160,0.85,0,42,4943,True,24.1,1,23,23,1.1,1,
160,0.85,0,43,4936,True,26.4,1,25,25,1.4,1,
160,0.85,0,44,4859,True,25.2,1,24,24,1.2,1,
160,0.85,0,45,5002,True,25.7,1,24,24,1.7,1,
160,0.85,0,46,4862,True,24.8,1,23,23,1.8,1,
160,0.85,0,47,4937,True,22.8,1,21,21,1.8,0,
160,0.85,0,48,4958,True,26.0,1,25,25,1.0,2,
160,0.85,0,49,5017,True,22.7,1,21,21,1.7,0,
160,0.85,0,50,5129,True,23.7,1,22,22,1.7,0,
160,0.85,0,51,5232,True,25.7,1,24,24,1.7,0,
160,0.85,0,52,5423,True,23.6,1,22,22,1.6,0,
160,0.85,0,53,4952,True,22.6,1,21,21,1.6,0,
160,0.85,0,54,4780,True,22.7,1,21,21,1.7,0,
160,0.85,0,55,5607,True,23.2,1,22,22,1.2,0,
160,0.85,0,56,5882,True,22.5,1,21,21,1.5,0,
160,0.85,0,57,5929,True,24.0,1,23,23,1.0,0,
160,0.85,0,58,6212,True,23.6,1,22,22,1.6,1,
160,0.85,0,59,5967,True,22.4,1,21,21,1.4,0,
160,0.85,0,60,6350,True,22.3,1,21,21,1.3,0,
160,0.85,0,61,6188,True,22.9,1,21,22,0.9,0,
160,0.85,0,62,5633,True,23.6,1,22,22,1.6,0,
160,0.85,0,63,5365,True,22.5,1,21,21,1.5,0,
160,0.85,0,64,5445,True,23.1,1,22,22,1.1,0,
224,0.6,0,5,4514,True,22.5,1,21,21,1.5,0,
224,0.6,0,6,4793,True,23.1,1,22,22,1.1,0,
224,0.6,0,7,5342,True,25.1,1,24,24,1.1,0,
224,0.6,0,8,5425,True,23.2,2,22,22,1.2,0,
224,0.6,0,9,5124,True,22.5,1,21,21,1.5,0,
224,0.6,0,10,5514,True,22.5,1,21,21,1.5,0,
224,0.6,0,11,5694,True,23.3,1,22,22,1.3,0,
224,0.6,0,12,5110,True,25.6,1,24,24,1.6,0,
224,0.6,0,13,5501,True,23.0,1,22,22,1.0,0,
224,0.6,0,14,5293,True,22.9,1,21,21,1.9,0,
224,0.6,0,15,5550,True,22.5,1,21,21,1.5,0,
224,0.6,0,16,5624,True,23.1,1,22,22,1.1,0,
224,0.6,0,17,5044,True,25.2,1,24,24,1.2,0,
224,0.6,0,18,5514,True,22.7,1,21,21,1.7,0,
224,0.6,0,19,5140,True,22.6,1,21,21,1.6,0,
224,0.6,0,20,5555,True,22.7,1,21,21,1.7,0,
224,0.6,0,21,5356,True,22.7,1,21,21,1.7,0,
224,0.6,0,22,5115,True,25.4,1,24,24,1.4,0,
224,0.6,0,23,5502,True,22.6,1,21,21,1.6,0,
224,0.6,0,24,5147,True,22.5,1,21,21,1.5,0,
224,0.6,0,25,5485,True,22.9,1,22,22,0.9,0,
224,0.6,0,26,5421,True,22.5,1,21,21,1.5,0,
224,0.6,0,27,5032,True,24.0,2,22,22,2.0,0,
224,0.6,0,28,5314,True,22.7,1,21,21,1.7,0,
224,0.6,0,29,4950,True,22.6,1,21,21,1.6,0,
224,0.6,0,30,5080,True,22.4,1,21,21,1.4,0,
224,0.6,0,31,4759,True,23.8,1,22,22,1.8,0,
224,0.6,0,32,5370,True,23.6,1,22,22,1.6,0,
224,0.6,0,33,4545,True,25.4,1,24,24,1.4,1,
224,0.6,0,34,4511,True,24.6,1,23,23,1.6,1,
224,0.6,0,35,4344,True,25.1,1,24,24,1.1,1,
224,0.6,0,36,4367,True,25.5,1,24,24,1.5,1,
224,0.6,0,37,4187,True,25.1,1,24,24,1.1,1,
224,0.6,0,38,4282,True,24.3,1,23,23,1.3,1,
224,0.6,0,39,4293,True,23.6,1,22,22,1.6,1,
224,0.6,0,40,4194,True,23.6,1,22,22,1.6,1,
224,0.6,0,41,4396,True,24.1,1,23,23,1.1,1,
224,0.6,0,42,4268,True,24.3,1,23,23,1.3,1,
224,0.6,0,43,4259,True,23.9,1,23,23,0.9,2,
224,0.6,0,44,4281,True,24.0,1,23,23,1.0,1,
224,0.6,0,45,4376,True,23.0,1,22,22,1.0,0,
224,0.6,0,46,4302,True,24.1,1,23,23,1.1,1,
224,0.6,0,47,4411,True,24.4,1,23,23,1.4,2,
224,0.6,0,48,4400,True,24.1,1,23,23,1.1,1,
224,0.6,0,49,4499,True,24.2,1,23,23,1.2,0,
224,0.6,0,50,4630,True,22.7,1,21,21,1.7,0,
224,0.6,0,51,4746,True,22.4,1,21,21,1.4,0,
224,0.6,0,52,5053,True,23.2,1,22,22,1.2,0,
224,0.6,0,53,4452,True,22.6,1,21,21,1.6,0,
224,0.6,0,54,4329,True,23.4,1,22,22,1.4,0,
224,0.6,0,55,5419,True,22.6,1,21,21,1.6,0,
224,0.6,0,56,5297,True,22.7,1,21,21,1.7,0,
224,0.6,0,57,5270,True,23.2,1,22,22,1.2,0,
224,0.6,0,58,5697,True,22.6,1,21,21,1.6,0,
224,0.6,0,59,5331,True,23.4,1,22,22,1.4,0,
224,0.6,0,60,5836,True,22.5,1,21,21,1.5,0,
224,0.6,0,61,5623,True,22.6,1,21,21,1.6,0,
224,0.6,0,62,5167,True,23.4,1,22,22,1.4,0,
224,0.6,0,63,4846,True,22.7,1,21,21,1.7,0,
224,0.6,0,64,4957,True,23.8,1,22,22,1.8,0,
224,0.85,0,5,8074,True,22.7,1,21,21,1.7,0,
224,0.85,0,6,8725,True,22.7,1,21,21,1.7,0,
224,0.85,0,7,9368,True,22.7,1,21,21,1.7,0,
224,0.85,0,8,9872,True,24.1,1,22,23,1.1,0,
224,0.85,0,9,9406,True,23.3,1,22,22,1.3,0,
224,0.85,0,10,9929,True,22.7,1,21,21,1.7,0,
224,0.85,0,11,10189,True,23.1,1,22,22,1.1,0,
224,0.85,0,12,9266,True,22.6,1,21,21,1.6,0,
224,0.85,0,13,9911,True,24.5,1,23,23,1.5,0,
224,0.85,0,14,9496,True,23.0,1,21,21,2.0,0,
224,0.85,0,15,10096,True,22.7,1,21,21,1.7,0,
224,0.85,0,16,10148,True,22.9,1,21,21,1.9,0,
224,0.85,0,17,9226,True,24.1,1,23,23,1.1,1,
224,0.85,0,18,9892,True,24.2,1,23,23,1.2,0,
224,0.85,0,19,9260,True,22.7,1,21,21,1.7,0,
224,0.85,0,20,9986,True,22.9,1,21,21,1.9,0,
224,0.85,0,21,9675,True,22.8,1,21,21,1.8,0,
224,0.85,0,22,9242,True,22.8,1,21,21,1.8,0,
224,0.85,0,23,9919,True,24.4,1,23,23,1.4,0,
224,0.85,0,24,9196,True,22.9,1,21,21,1.9,0,
224,0.85,0,25,9813,True,22.7,1,21,21,1.7,0,
224,0.85,0,26,9683,True,23.0,1,21,21,2.0,0,
224,0.85,0,27,9021,True,22.7,1,21,21,1.7,0,
224,0.85,0,28,9484,True,23.4,1,22,22,1.4,0,
224,0.85,0,29,8874,True,23.2,1,22,22,1.2,0,
224,0.85,0,30,8925,True,23.2,1,22,22,1.2,0,
224,0.85,0,31,8317,True,23.2,1,22,22,1.2,0,
224,0.85,0,32,8943,True,24.0,1,23,23,1.0,1,
224,0.85,0,33,7947,True,25.4,1,24,24,1.4,1,
224,0.85,0,34,7966,True,24.4,1,23,23,1.4,1,
224,0.85,0,35,7745,True,23.8,1,22,22,1.8,1,
224,0.85,0,36,7696,True,25.0,1,23,24,1.0,1,
224,0.85,0,37,7469,True,24.7,1,23,23,1.7,1,
224,0.85,0,38,7461,True,24.1,1,23,23,1.1,1,
224,0.85,0,39,7589,True,24.4,1,23,23,1.4,1,
224,0.85,0,40,7411,True,24.6,1,23,23,1.6,1,
224,0.85,0,41,7793,True,24.0,1,23,23,1.0,1,
224,0.85,0,42,7545,True,24.9,1,23,23,1.9,1,
224,0.85,0,43,7624,True,24.0,1,23,23,1.0,2,
224,0.85,0,44,7617,True,24.3,1,23,23,1.3,1,
224,0.85,0,45,7824,True,24.3,1,23,23,1.3,1,
224,0.85,0,46,7730,True,24.4,1,23,23,1.4,1,
224,0.85,0,47,7793,True,27.0,1,26,26,1.0,1,
224,0.85,0,48,7940,True,27.2,1,25,25,2.2,2,
224,0.85,0,49,8024,True,20.9,1,19,19,1.9,0,
224,0.85,0,50,8330,True,25.2,1,24,24,1.2,0,
224,0.85,0,51,8490,True,24.0,1,22,22,2.0,0,
224,0.85,0,52,8742,True,23.6,1,22,22,1.6,0,
224,0.85,0,53,7941,True,22.7,1,21,21,1.7,0,
224,0.85,0,54,7424,True,24.4,2,22,22,2.4,0,
224,0.85,0,55,9089,True,24.3,1,23,23,1.3,0,
224,0.85,0,56,9704,True,24.6,1,23,23,1.6,0,
224,0.85,0,57,9692,True,26.6,1,25,25,1.6,0,
224,0.85,0,58,10405,True,25.2,1,24,24,1.2,0,
224,0.85,0,59,9784,True,24.8,1,23,23,1.8,0,
224,0.85,0,60,10496,True,25.0,1,23,23,2.0,0,
224,0.85,0,61,10146,True,27.4,1,26,26,1.4,0,
224,0.85,0,62,9268,True,25.9,1,24,24,1.9,0,
224,0.85,0,63,8844,True,25.2,1,24,24,1.2,0,
224,0.85,0,64,8811,True,23.6,1,22,22,1.6,0,
320,0.6,0,5,7577,True,23.2,1,22,22,1.2,0,
320,0.6,0,6,8339,True,23.7,1,22,22,1.7,0,
320,0.6,0,7,9319,True,22.9,1,21,21,1.9,0,
320,0.6,0,8,9551,True,25.2,2,24,24,1.2,1,
320,0.6,0,9,9073,True,23.0,1,21,21,2.0,0,
320,0.6,0,10,9573,True,24.8,1,23,23,1.8,0,
320,0.6,0,11,9866,True,23.2,1,22,22,1.2,0,
320,0.6,0,12,9033,True,23.0,1,21,21,2.0,0,
320,0.6,0,13,9610,True,23.5,1,22,22,1.5,0,
320,0.6,0,14,9117,True,22.9,1,21,21,1.9,0,
320,0.6,0,15,9720,True,23.8,1,22,22,1.8,0,
320,0.6,0,16,9840,True,23.2,1,22,22,1.2,0,
320,0.6,0,17,9070,True,23.2,1,22,22,1.2,0,
320,0.6,0,18,9553,True,23.8,2,22,22,1.8,0,
320,0.6,0,19,8899,True,23.0,1,21,21,2.0,0,
320,0.6,0,20,9676,True,24.5,1,23,23,1.5,0,
320,0.6,0,21,9303,True,23.1,1,22,22,1.1,0,
320,0.6,0,22,8991,True,22.9,1,21,21,1.9,0,
320,0.6,0,23,9646,True,23.6,1,22,22,1.6,0,
320,0.6,0,24,8829,True,23.0,1,22,22,1.0,0,
320,0.6,0,25,9416,True,28.0,1,26,26,2.0,0,
320,0.6,0,26,9291,True,23.0,1,21,21,2.0,0,
320,0.6,0,27,8576,True,23.0,1,21,21,2.0,0,
320,0.6,0,28,9176,True,23.5,1,22,22,1.5,0,
320,0.6,0,29,8525,True,23.2,1,22,22,1.2,0,
320,0.6,0,30,8548,True,23.0,1,21,21,2.0,0,
320,0.6,0,31,7808,True,22.7,1,21,21,1.7,0,
320,0.6,0,32,8529,True,24.8,1,23,23,1.8,1,
320,0.6,0,33,7338,True,24.7,1,23,23,1.7,1,
320,0.6,0,34,7275,True,26.8,6,25,25,1.8,1,
320,0.6,0,35,7220,True,26.2,1,25,25,1.2,1,
320,0.6,0,36,7163,True,24.8,1,23,23,1.8,1,
320,0.6,0,37,6882,True,24.8,1,23,23,1.8,1,
320,0.6,0,38,6847,True,25.3,1,24,24,1.3,1,
320,0.6,0,39,6838,True,29.6,1,28,28,1.6,1,
320,0.6,0,40,6720,True,24.4,1,23,23,1.4,1,
320,0.6,0,41,7080,True,24.5,1,23,23,1.5,1,
320,0.6,0,42,6928,True,25.2,1,24,24,1.2,1,
320,0.6,0,43,7067,True,25.1,1,24,24,1.1,1,
320,0.6,0,44,7050,True,25.1,1,24,24,1.1,1,
320,0.6,0,45,7369,True,25.1,1,24,24,1.1,1,
320,0.6,0,46,7172,True,25.4,1,24,24,1.4,1,
320,0.6,0,47,7229,True,25.8,1,24,24,1.8,1,
320,0.6,0,48,7343,True,24.8,1,23,23,1.8,1,
320,0.6,0,49,7325,True,28.2,1,27,27,1.2,0,
320,0.6,0,50,7749,True,23.1,1,22,22,1.1,0,
320,0.6,0,51,8103,True,23.1,1,22,22,1.1,0,
320,0.6,0,52,8469,True,23.9,1,22,22,1.9,0,
320,0.6,0,53,7341,True,25.1,1,24,24,1.1,0,
320,0.6,0,54,7076,True,25.2,1,24,24,1.2,0,
320,0.6,0,55,8672,True,24.5,2,23,23,1.5,0,
320,0.6,0,56,9105,True,24.5,2,23,23,1.5,0,
320,0.6,0,57,9449,True,24.4,1,23,23,1.4,0,
320,0.6,0,58,9962,True,23.5,2,22,22,1.5,0,
320,0.6,0,59,9552,True,27.1,1,25,25,2.1,0,
320,0.6,0,60,10130,True,23.3,2,22,22,1.3,0,
320,0.6,0,61,9940,True,23.2,1,22,22,1.2,0,
320,0.6,0,62,9035,True,23.7,1,22,22,1.7,0,
320,0.6,0,63,8368,True,23.2,1,22,22,1.2,0,
320,0.6,0,64,8424,True,28.4,1,27,27,1.4,0,
320,0.85,0,5,14174,True,23.2,2,22,22,1.2,0,
320,0.85,0,6,15481,True,24.8,2,23,23,1.8,1,
320,0.85,0,7,16949,True,24.2,2,22,22,2.2,0,
320,0.85,0,8,17298,True,24.9,2,23,23,1.9,1,
320,0.85,0,9,16926,True,28.9,2,27,27,1.9,0,
320,0.85,0,10,17522,True,23.7,2,22,22,1.7,0,
320,0.85,0,11,17773,True,24.4,2,22,22,2.4,0,
320,0.85,0,12,16753,True,23.7,2,22,22,1.7,0,
320,0.85,0,13,17228,True,23.4,2,22,22,1.4,0,
320,0.85,0,14,16689,True,23.8,2,22,22,1.8,0,
320,0.85,0,15,17452,True,23.4,2,21,22,1.4,0,
320,0.85,0,16,17671,True,23.6,2,22,22,1.6,0,
320,0.85,0,17,16666,True,23.3,2,22,22,1.3,0,
320,0.85,0,18,17213,True,23.4,2,22,22,1.4,0,
320,0.85,0,19,16511,True,28.3,2,26,27,1.3,0,
320,0.85,0,20,17367,True,23.4,2,21,22,1.4,0,
320,0.85,0,21,16834,True,25.4,2,24,24,1.4,1,
320,0.85,0,22,16523,True,23.4,2,22,22,1.4,0,
320,0.85,0,23,17251,True,23.5,2,22,22,1.5,0,
320,0.85,0,24,16250,True,23.7,2,22,22,1.7,0,
320,0.85,0,25,16993,True,23.5,2,22,22,1.5,0,
320,0.85,0,26,16743,True,24.1,2,22,22,2.1,0,
320,0.85,0,27,15864,True,23.5,2,22,22,1.5,0,
320,0.85,0,28,16513,True,23.3,2,21,21,2.3,0,
320,0.85,0,29,15648,True,23.3,2,21,21,2.3,0,
320,0.85,0,30,15423,True,28.3,2,26,27,1.3,0,
320,0.85,0,31,13983,True,24.0,2,22,22,2.0,0,
320,0.85,0,32,15034,True,24.6,2,23,23,1.6,1,
320,0.85,0,33,13204,True,24.4,2,23,23,1.4,1,
320,0.85,0,34,13457,True,24.4,2,23,23,1.4,1,
320,0.85,0,35,13274,True,24.4,2,23,23,1.4,1,
320,0.85,0,36,13138,True,25.1,2,23,23,2.1,1,
320,0.85,0,37,12684,True,24.4,2,23,23,1.4,1,
320,0.85,0,38,12494,True,24.6,2,23,23,1.6,1,
320,0.85,0,39,12845,True,24.5,2,23,23,1.5,1,
320,0.85,0,40,12506,True,30.7,2,29,29,1.7,1,
320,0.85,0,41,13123,True,25.7,2,24,24,1.7,1,
320,0.85,0,42,12820,True,26.0,2,24,24,2.0,1,
320,0.85,0,43,13138,True,27.1,2,25,25,2.1,2,
320,0.85,0,44,13091,True,27.4,2,25,25,2.4,1,
320,0.85,0,45,13705,True,27.5,2,26,26,1.5,1,
320,0.85,0,46,13348,True,27.8,2,26,26,1.8,1,
320,0.85,0,47,13517,True,29.2,2,27,27,2.2,1,
320,0.85,0,48,13690,True,28.9,2,27,27,1.9,1,
320,0.85,0,49,13682,True,33.0,2,31,31,2.0,0,
320,0.85,0,50,14414,True,26.4,2,24,24,2.4,0,
320,0.85,0,51,14834,True,25.7,2,24,24,1.7,0,
320,0.85,0,52,15436,True,25.1,2,23,23,2.1,0,
320,0.85,0,53,13483,True,24.6,2,23,23,1.6,0,
320,0.85,0,54,12858,True,25.2,2,23,23,2.2,0,
320,0.85,0,55,15313,True,25.2,2,23,23,2.2,0,
320,0.85,0,56,16779,True,25.2,2,23,23,2.2,0,
320,0.85,0,57,17842,True,25.1,2,23,23,2.1,0,
320,0.85,0,58,18348,True,25.1,2,23,23,2.1,0,
320,0.85,0,59,17708,True,30.9,2,29,29,1.9,0,
320,0.85,0,60,18345,True,24.7,2,23,23,1.7,0,
320,0.85,0,61,18012,True,24.7,2,23,23,1.7,0,
320,0.85,0,62,16786,True,24.9,2,23,23,1.9,0,
320,0.85,0,63,15613,True,26.1,2,24,24,2.1,0,
320,0.85,0,64,15732,True,25.0,2,23,23,2.0,0,
480,0.6,0,5,14693,True,24.8,2,23,23,1.8,0,
480,0.6,0,6,15330,True,24.1,2,22,22,2.1,0,
480,0.6,0,7,19194,True,24.8,2,23,23,1.8,0,
480,0.6,0,8,17464,True,24.3,2,22,22,2.3,0,
480,0.6,0,9,17397,True,23.9,2,22,22,1.9,0,
480,0.6,0,10,17601,True,24.0,2,22,22,2.0,0,
480,0.6,0,11,18088,True,24.0,2,22,22,2.0,0,
480,0.6,0,12,17055,True,24.4,2,22,23,1.4,0,
480,0.6,0,13,17505,True,29.6,2,27,27,2.6,0,
480,0.6,0,14,16862,True,24.9,2,23,23,1.9,0,
480,0.6,0,15,17823,True,24.9,2,23,23,1.9,0,
480,0.6,0,16,17988,True,24.9,2,23,23,1.9,0,
480,0.6,0,17,16967,True,25.7,2,24,24,1.7,0,
480,0.6,0,18,17403,True,24.8,2,23,23,1.8,0,
480,0.6,0,19,16648,True,24.9,2,23,23,1.9,0,
480,0.6,0,20,17503,True,24.4,2,22,22,2.4,0,
480,0.6,0,21,16881,True,29.3,7,23,23,6.3,0,
480,0.6,0,22,16836,True,24.3,2,22,22,2.3,0,
480,0.6,0,23,17397,True,24.6,2,23,23,1.6,0,
480,0.6,0,24,16157,True,24.2,2,22,22,2.2,0,
480,0.6,0,25,17045,True,24.0,2,22,22,2.0,0,
480,0.6,0,26,16873,True,24.7,2,23,23,1.7,0,
480,0.6,0,27,15963,True,24.0,2,22,22,2.0,0,
480,0.6,0,28,16509,True,24.7,2,23,23,1.7,0,
480,0.6,0,29,16267,True,23.9,2,22,22,1.9,0,
480,0.6,0,30,16030,True,23.9,2,22,22,1.9,0,
480,0.6,0,31,14034,True,24.3,2,23,23,1.3,0,
480,0.6,0,32,17612,True,26.9,2,25,25,1.9,1,
480,0.6,0,33,12896,True,25.4,2,24,24,1.4,1,
480,0.6,0,34,13778,True,25.3,2,23,23,2.3,1,
480,0.6,0,35,12957,True,24.9,2,23,23,1.9,1,
480,0.6,0,36,12729,True,25.8,2,24,24,1.8,1,
480,0.6,0,37,12516,True,24.7,2,23,23,1.7,1,
480,0.6,0,38,12044,True,24.9,2,23,23,1.9,1,
480,0.6,0,39,12818,True,24.9,2,23,23,1.9,1,
480,0.6,0,40,12138,True,25.4,2,24,24,1.4,1,
480,0.6,0,41,12680,True,24.8,2,23,23,1.8,1,
480,0.6,0,42,12491,True,24.9,2,23,23,1.9,1,
480,0.6,0,43,12636,True,25.0,2,23,23,2.0,2,
480,0.6,0,44,13279,True,25.1,2,23,23,2.1,1,
480,0.6,0,45,13654,True,26.3,2,24,24,2.3,2,
480,0.6,0,46,12912,True,24.9,2,23,23,1.9,1,
480,0.6,0,47,13846,True,25.0,2,23,23,2.0,1,
480,0.6,0,48,13246,True,25.0,2,23,23,2.0,2,
480,0.6,0,49,14239,True,23.8,2,22,22,1.8,0,
480,0.6,0,50,14553,True,24.3,2,22,23,1.3,0,
480,0.6,0,51,14703,True,26.0,2,24,24,2.0,0,
480,0.6,0,52,17205,True,24.2,2,22,22,2.2,0,
480,0.6,0,53,13069,True,23.7,2,22,22,1.7,0,
480,0.6,0,54,12948,True,24.9,2,23,23,1.9,0,
480,0.6,0,55,17821,True,25.7,2,24,24,1.7,0,
480,0.6,0,56,16665,True,24.7,2,23,23,1.7,0,
480,0.6,0,57,18316,True,29.9,2,28,28,1.9,0,
480,0.6,0,58,18541,True,24.0,2,22,22,2.0,0,
480,0.6,0,59,18222,True,24.6,2,23,23,1.6,0,
480,0.6,0,60,18729,True,24.1,2,22,22,2.1,0,
480,0.6,0,61,18148,True,24.1,2,22,22,2.1,0,
480,0.6,0,62,18026,True,24.0,2,22,22,2.0,0,
480,0.6,0,63,15482,True,23.8,2,22,22,1.8,0,
480,0.6,0,64,16857,True,24.6,2,23,23,1.6,0,
480,0.85,0,5,27554,True,24.5,3,22,22,2.5,0,
480,0.85,0,6,28466,True,26.0,3,24,24,2.0,1,
480,0.85,0,7,35172,True,24.9,3,22,22,2.9,0,
480,0.85,0,8,31713,True,26.6,3,24,24,2.6,1,
480,0.85,0,9,32766,True,24.8,3,22,22,2.8,0,
480,0.85,0,10,31909,True,24.9,3,22,22,2.9,0,
480,0.85,0,11,32418,True,24.8,3,22,22,2.8,0,
480,0.85,0,12,31957,True,24.7,3,22,22,2.7,0,
480,0.85,0,13,31464,True,25.1,3,23,23,2.1,0,
480,0.85,0,14,31400,True,24.6,3,22,22,2.6,0,
480,0.85,0,15,32023,True,24.7,3,22,22,2.7,0,
480,0.85,0,16,32028,True,24.7,3,22,22,2.7,0,
480,0.85,0,17,31662,True,24.6,3,22,22,2.6,0,
480,0.85,0,18,31333,True,25.0,3,23,23,2.0,0,
480,0.85,0,19,31130,True,24.6,3,22,22,2.6,0,
480,0.85,0,20,31531,True,24.6,3,22,22,2.6,0,
480,0.85,0,21,30547,True,27.7,3,25,25,2.7,1,
480,0.85,0,22,31903,True,24.7,3,22,22,2.7,0,
480,0.85,0,23,31220,True,24.8,3,22,22,2.8,0,
480,0.85,0,24,30222,True,24.5,3,22,22,2.5,0,
480,0.85,0,25,30713,True,24.7,3,22,22,2.7,0,
480,0.85,0,26,30430,True,24.7,3,22,22,2.7,0,
480,0.85,0,27,30103,True,27.1,3,25,25,2.1,0,
480,0.85,0,28,29933,True,24.8,3,22,22,2.8,0,
480,0.85,0,29,30275,True,24.6,3,22,22,2.6,0,
480,0.85,0,30,28807,True,24.7,3,22,22,2.7,0,
480,0.85,0,31,25488,True,24.7,2,22,22,2.7,0,
480,0.85,0,32,31912,True,26.8,3,24,24,2.8,1,
480,0.85,0,33,23521,True,28.1,5,23,23,5.1,1,
480,0.85,0,34,25989,True,26.0,3,24,24,2.0,1,
480,0.85,0,35,24168,True,25.5,2,23,23,2.5,1,
480,0.85,0,36,23514,True,26.0,2,24,24,2.0,1,
480,0.85,0,37,23461,True,25.5,2,23,23,2.5,1,
480,0.85,0,38,22386,True,25.3,2,23,23,2.3,1,
480,0.85,0,39,24611,True,25.5,2,23,23,2.5,1,
480,0.85,0,40,22884,True,25.4,2,23,23,2.4,1,
480,0.85,0,41,23685,True,26.0,3,24,24,2.0,1,
480,0.85,0,42,23594,True,26.1,2,24,24,2.1,1,
480,0.85,0,43,23527,True,25.5,2,23,23,2.5,2,
480,0.85,0,44,25065,True,25.5,2,23,23,2.5,1,
480,0.85,0,45,25361,True,25.7,3,23,23,2.7,2,
480,0.85,0,46,24241,True,26.3,3,24,24,2.3,1,
480,0.85,0,47,26376,True,25.7,3,23,23,2.7,2,
480,0.85,0,48,24897,True,25.6,2,23,23,2.6,2,
480,0.85,0,49,26926,True,24.4,3,22,22,2.4,0,
480,0.85,0,50,27162,True,26.3,3,24,24,2.3,0,
480,0.85,0,51,27081,True,28.4,3,26,26,2.4,0,
480,0.85,0,52,31842,True,27.1,3,24,24,3.1,0,
480,0.85,0,53,24320,True,26.8,3,24,24,2.8,0,
480,0.85,0,54,25050,True,28.4,3,26,26,2.4,0,
480,0.85,0,55,32029,True,27.3,4,24,24,3.3,0,
480,0.85,0,56,30657,True,25.7,3,23,23,2.7,0,
480,0.85,0,57,34249,True,26.2,3,23,23,3.2,0,
480,0.85,0,58,33805,True,25.3,3,23,23,2.3,0,
480,0.85,0,59,33710,True,25.3,3,23,23,2.3,0,
480,0.85,0,60,33747,True,25.4,4,23,23,2.4,0,
480,0.85,0,61,32825,True,25.1,3,23,23,2.1,0,
480,0.85,0,62,33362,True,26.5,3,24,24,2.5,0,
480,0.85,0,63,28758,True,25.7,3,23,23,2.7,0,
480,0.85,0,64,31159,True,26.2,3,24,24,2.2,0,
640,0.6,0,5,23096,True,24.6,3,22,22,2.6,0,
640,0.6,0,6,23662,True,25.0,3,23,23,2.0,0,
640,0.6,0,7,31557,True,25.7,4,23,23,2.7,0,
640,0.6,0,8,26748,True,25.3,3,23,23,2.3,0,
640,0.6,0,9,28065,True,25.5,3,23,23,2.5,0,
640,0.6,0,10,27008,True,24.3,3,22,22,2.3,0,
640,0.6,0,11,27537,True,25.0,3,23,23,2.0,0,
640,0.6,0,12,27193,True,27.4,3,25,25,2.4,0,
640,0.6,0,13,26614,True,24.9,3,23,23,1.9,0,
640,0.6,0,14,26719,True,24.6,3,22,22,2.6,0,
640,0.6,0,15,27140,True,24.7,3,22,22,2.7,0,
640,0.6,0,16,27306,True,25.0,3,23,23,2.0,0,
640,0.6,0,17,27092,True,25.9,3,23,23,2.9,0,
640,0.6,0,18,26534,True,27.0,3,24,25,2.0,0,
640,0.6,0,19,26411,True,25.3,3,23,23,2.3,0,
640,0.6,0,20,26651,True,25.3,3,23,23,2.3,0,
640,0.6,0,21,25645,True,26.1,3,24,24,2.1,0,
640,0.6,0,22,27050,True,25.3,3,23,23,2.3,0,
640,0.6,0,23,26271,True,26.6,3,24,24,2.6,0,
640,0.6,0,24,25425,True,25.7,3,23,23,2.7,0,
640,0.6,0,25,25947,True,25.2,3,23,23,2.2,0,
640,0.6,0,26,25637,True,25.5,3,23,23,2.5,0,
640,0.6,0,27,25329,True,25.2,3,23,23,2.2,0,
640,0.6,0,28,25190,True,24.9,3,23,23,1.9,0,
640,0.6,0,29,26064,True,27.7,3,25,25,2.7,0,
640,0.6,0,30,24900,True,25.7,3,23,23,2.7,0,
640,0.6,0,31,21410,True,23.8,3,22,22,1.8,0,
640,0.6,0,32,28625,True,26.0,4,23,23,3.0,1,
640,0.6,0,33,19460,True,24.8,3,23,23,1.8,1,
640,0.6,0,34,21595,True,24.9,3,23,23,1.9,1,
640,0.6,0,35,20002,True,27.0,3,25,25,2.0,1,
640,0.6,0,36,19438,True,24.7,3,23,23,1.7,1,
640,0.6,0,37,19598,True,25.1,3,23,23,2.1,1,
640,0.6,0,38,18447,True,24.8,3,23,23,1.8,1,
640,0.6,0,39,20691,True,25.0,3,23,23,2.0,1,
640,0.6,0,40,18752,True,25.3,3,23,23,2.3,1,
640,0.6,0,41,19408,True,26.7,3,25,25,1.7,1,
640,0.6,0,42,19648,True,25.1,3,23,23,2.1,1,
640,0.6,0,43,19334,True,25.1,3,23,23,2.1,2,
640,0.6,0,44,20961,True,25.4,3,23,23,2.4,1,
640,0.6,0,45,21290,True,25.0,3,23,23,2.0,1,
640,0.6,0,46,19951,True,24.7,3,23,23,1.7,1,
640,0.6,0,47,22251,True,27.1,3,25,25,2.1,2,
640,0.6,0,48,20389,True,25.0,3,23,23,2.0,2,
640,0.6,0,49,22943,True,24.4,3,22,22,2.4,0,
640,0.6,0,50,22810,True,23.8,3,22,22,1.8,0,
640,0.6,0,51,22505,True,23.6,3,22,22,1.6,0,
640,0.6,0,52,28447,True,24.4,4,22,22,2.4,0,
640,0.6,0,53,19955,True,26.1,3,24,24,2.1,0,
640,0.6,0,54,20741,True,24.1,3,22,22,2.1,0,
640,0.6,0,55,27939,True,24.2,3,22,22,2.2,0,
640,0.6,0,56,25769,True,23.9,3,22,22,1.9,0,
640,0.6,0,57,29648,True,24.0,3,22,22,2.0,0,
640,0.6,0,58,28734,True,24.6,3,22,22,2.6,0,
640,0.6,0,59,29292,True,25.9,3,23,23,2.9,0,
640,0.6,0,60,28772,True,24.5,3,22,22,2.5,0,
640,0.6,0,61,27930,True,24.0,3,22,22,2.0,0,
640,0.6,0,62,29562,True,24.1,3,22,22,2.1,0,
640,0.6,0,63,23853,True,24.2,3,22,22,2.2,0,
640,0.6,0,64,27419,True,24.1,3,22,22,2.1,0,
640,0.85,0,5,42697,True,24.9,4,22,22,2.9,0,
640,0.85,0,6,42825,True,25.5,4,23,23,2.5,0,
640,0.85,0,7,56454,True,26.3,5,23,23,3.3,0,
640,0.85,0,8,47739,True,26.5,4,23,23,3.5,1,
640,0.85,0,9,50761,True,25.2,4,22,22,3.2,0,
640,0.85,0,10,48065,True,25.4,4,22,22,3.4,0,
640,0.85,0,11,48597,True,25.6,4,22,22,3.6,0,
640,0.85,0,12,49227,True,26.1,4,23,23,3.1,0,
640,0.85,0,13,47168,True,25.1,4,22,22,3.1,0,
640,0.85,0,14,48079,True,25.0,4,22,22,3.0,0,
640,0.85,0,15,48170,True,24.9,4,22,22,2.9,0,
640,0.85,0,16,48141,True,25.5,4,22,22,3.5,0,
640,0.85,0,17,48804,True,24.9,4,22,22,2.9,0,
640,0.85,0,18,47040,True,25.0,4,22,22,3.0,0,
640,0.85,0,19,47828,True,25.8,4,23,23,2.8,0,
640,0.85,0,20,47232,True,24.9,4,22,22,2.9,0,
640,0.85,0,21,45790,True,25.0,4,22,22,3.0,0,
640,0.85,0,22,49296,True,25.1,4,22,22,3.1,0,
640,0.85,0,23,46490,True,24.8,4,22,22,2.8,0,
640,0.85,0,24,45993,True,25.0,4,22,22,3.0,0,
640,0.85,0,25,46064,True,26.7,4,24,24,2.7,0,
640,0.85,0,26,45458,True,25.1,4,22,22,3.1,0,
640,0.85,0,27,46019,True,24.9,4,22,22,2.9,0,
640,0.85,0,28,44832,True,24.8,4,22,22,2.8,0,
640,0.85,0,29,46951,True,25.0,4,22,22,3.0,0,
640,0.85,0,30,43704,True,25.4,4,22,22,3.4,0,
640,0.85,0,31,38541,True,25.6,4,23,23,2.6,0,
640,0.85,0,32,50659,True,27.1,5,23,23,4.1,1,
640,0.85,0,33,35131,True,25.7,3,23,23,2.7,1,
640,0.85,0,34,40331,True,26.6,4,24,24,2.6,1,
640,0.85,0,35,36535,True,25.6,4,23,23,2.6,1,
640,0.85,0,36,35270,True,25.4,3,23,23,2.4,1,
640,0.85,0,37,35794,True,26.7,3,24,24,2.7,1,
640,0.85,0,38,33493,True,25.5,4,23,23,2.5,1,
640,0.85,0,39,38115,True,25.8,4,23,23,2.8,1,
640,0.85,0,40,34465,True,25.8,3,23,23,2.8,1,
640,0.85,0,41,35405,True,25.6,3,23,23,2.6,1,
640,0.85,0,42,35973,True,25.6,4,23,23,2.6,1,
640,0.85,0,43,35339,True,28.9,3,26,26,2.9,2,
640,0.85,0,44,38669,True,26.2,4,23,23,3.2,1,
640,0.85,0,45,38707,True,26.3,4,24,24,2.3,2,
640,0.85,0,46,36479,True,25.7,4,23,23,2.7,1,
640,0.85,0,47,41173,True,27.0,4,24,24,3.0,2,
640,0.85,0,48,37437,True,27.4,4,24,24,3.4,2,
640,0.85,0,49,42114,True,25.9,4,23,23,2.9,0,
640,0.85,0,50,41446,True,26.0,4,23,23,3.0,1,
640,0.85,0,51,40771,True,24.8,4,22,22,2.8,0,
640,0.85,0,52,51322,True,27.7,5,24,24,3.7,0,
640,0.85,0,53,36626,True,24.8,4,22,22,2.8,0,
640,0.85,0,54,39276,True,27.0,4,24,24,3.0,0,
640,0.85,0,55,50734,True,26.4,5,23,23,3.4,0,
640,0.85,0,56,46179,True,25.9,4,23,23,2.9,0,
640,0.85,0,57,52928,True,25.4,4,22,22,3.4,0,
640,0.85,0,58,50976,True,25.3,4,22,22,3.3,0,
640,0.85,0,59,52191,True,25.4,4,22,22,3.4,0,
640,0.85,0,60,50833,True,28.0,4,25,25,3.0,0,
640,0.85,0,61,49340,True,27.2,5,23,23,4.2,0,
640,0.85,0,62,52625,True,28.0,5,24,24,4.0,0,
640,0.85,0,63,43005,True,28.7,4,25,25,3.7,0,
640,0.85,0,64,48881,True,30.7,5,27,27,3.7,1,
